Time (sec),Area-wt-avg Static Temperature at outlet (k)
1,406.7559895
2,408.750738
3,410.7171213
4,412.6558694
5,414.5676874
6,416.453256
7,418.3132328
8,420.1482532
9,421.9589315
10,423.7458612
11,425.5096166
12,427.250753
13,428.9698078
14,430.667301
15,432.3437359
16,433.9996002
17,435.6353657
18,437.2514898
19,438.8484156
20,440.4265726
21,441.9863772
22,443.5282329
23,445.0525314
24,446.5596524
25,448.0499645
26,449.5238252
27,450.9815819
28,452.4235714
29,453.8501212
30,455.2615492
31,456.6581643
32,458.0402665
33,459.4081477
34,460.7620912
35,462.1023729
36,463.4292608
37,464.7430156
38,466.0438911
39,467.332134
40,468.6079845
41,469.8716764
42,471.1234374
43,472.363489
44,473.592047
45,474.8093217
46,476.0155177
47,477.2108348
48,478.3954672
49,479.5696046
50,480.7334316
51,481.8871283
52,483.0308706
53,484.1648295
54,485.2891723
55,486.4040619
56,487.5096575
57,488.6061142
58,489.6935836
59,490.7722135
60,489.6382764
61,490.6633981
62,491.6804481
63,492.6895548
64,493.6908433
65,494.6844362
66,495.6704531
67,496.6490112
68,497.6202247
69,498.5842055
70,499.5410632
71,500.4909046
72,501.4338344
73,502.3699549
74,503.2993665
75,504.2221669
76,505.1384522
77,506.0483161
78,506.9518505
79,507.8491454
80,508.7402887
81,509.6253666
82,510.5044635
83,511.377662
84,512.2450431
85,513.106686
86,513.9626685
87,514.8130665
88,515.6579546
89,516.497406
90,517.3314922
91,518.1602833
92,518.9838482
93,519.8022544
94,520.6155678
95,521.4238535
96,522.2271749
97,523.0255945
98,523.8191734
99,524.6079716
100,525.392048
101,526.1714604
102,526.9462655
103,527.7165189
104,528.4822751
105,529.2435879
106,530.0005099
107,530.7530926
108,531.5013868
109,532.2454423
110,532.9853081
111,533.7210322
112,534.4526618
113,535.1802432
114,535.9038221
115,536.623443
116,537.3391501
117,538.0509866
118,538.7589949
119,539.4632167
120,539.5230521
121,540.2092855
122,540.8919545
123,541.5710963
124,542.2467474
125,542.9189436
126,543.5877203
127,544.2531121
128,544.9151533
129,545.5738775
130,546.2293177
131,546.8815067
132,547.5304764
133,548.1762586
134,548.8188842
135,549.4583839
136,550.0947878
137,550.7281257
138,551.3584268
139,551.9857199
140,552.6100334
141,553.2313952
142,553.8498329
143,554.4653737
144,555.0780442
145,555.6878707
146,556.2948794
147,556.8990957
148,557.5005449
149,558.0992518
150,558.695241
151,559.2885365
152,559.8791623
153,560.4671418
154,561.0524981
155,561.6352541
156,562.2154324
157,562.793055
158,563.368144
159,563.9407209
160,564.510807
161,565.0784234
162,565.6435908
163,566.2063297
164,566.7666602
165,567.3246023
166,567.8801757
167,568.4333997
168,568.9842934
169,569.5328759
170,570.0791657
171,570.6231813
172,571.1649409
173,571.7044623
174,572.2417633
175,572.7768614
176,573.3097739
177,573.8405177
178,574.3691099
179,574.895567
180,573.8715317
181,574.3683065
182,574.8632492
183,575.3563741
184,575.8476953
185,576.3372264
186,576.8249808
187,577.3109714
188,577.7952108
189,578.2777115
190,578.7584856
191,579.2375449
192,579.7149011
193,580.1905655
194,580.6645493
195,581.1368634
196,581.6075188
197,582.0765259
198,582.5438952
199,583.009637
200,583.4737613
201,583.9362781
202,584.3971972
203,584.8565283
204,585.314281
205,585.7704645
206,586.2250883
207,586.6781615
208,587.1296932
209,587.5796924
210,588.0281679
211,588.4751284
212,588.9205827
213,589.3645393
214,589.8070067
215,590.2479933
216,590.6875074
217,591.1255573
218,591.5621511
219,591.9972969
220,592.4310026
221,592.8632763
222,593.2941257
223,593.7235587
224,594.151583
225,594.5782062
226,595.003436
227,595.4272797
228,595.849745
229,596.2708392
230,596.6905696
231,597.1089435
232,597.5259682
233,597.9416507
234,598.3559982
235,598.7690178
236,599.1807165
237,599.5911011
238,600.0001785
239,600.4079557
240,600.5940911
241,600.9956668
242,601.3959988
243,601.795093
244,602.1929553
245,602.5895915
246,602.9850074
247,603.3792088
248,603.7722015
249,604.1639911
250,604.5545833
251,604.9439839
252,605.3321983
253,605.7192323
254,606.1050913
255,606.4897809
256,606.8733067
257,607.2556739
258,607.6368882
259,608.016955
260,608.3958795
261,608.7736671
262,609.1503232
263,609.5258531
264,609.900262
265,610.2735551
266,610.6457376
267,611.0168148
268,611.3867916
269,611.7556733
270,612.123465
271,612.4901715
272,612.8557981
273,613.2203497
274,613.5838311
275,613.9462474
276,614.3076035
277,614.6679042
278,615.0271544
279,615.3853588
280,615.7425224
281,616.0986497
282,616.4537455
283,616.8078147
284,617.1608617
285,617.5128912
286,617.863908
287,618.2139164
288,618.5629212
289,618.9109268
290,619.2579377
291,619.6039585
292,619.9489935
293,620.2930471
294,620.6361239
295,620.978228
296,621.319364
297,621.659536
298,621.9987483
299,622.3370053
300,619.2172938
301,619.497553
302,619.7777737
303,620.0579325
304,620.3380071
305,620.6179762
306,620.8978195
307,621.1775177
308,621.4570521
309,621.7364052
310,622.01556
311,622.2945005
312,622.5732112
313,622.8516775
314,623.1298854
315,623.4078215
316,623.685473
317,623.9628277
318,624.2398739
319,624.5166006
320,624.7929971
321,625.0690533
322,625.3447596
323,625.6201066
324,625.8950856
325,626.1696882
326,626.4439064
327,626.7177325
328,626.9911592
329,627.2641797
330,627.5367871
331,627.8089753
332,628.0807382
333,628.3520701
334,628.6229654
335,628.8934191
336,629.1634262
337,629.4329819
338,629.7020818
339,629.9707216
340,630.2388973
341,630.5066051
342,630.7738412
343,631.0406023
344,631.3068851
345,631.5726865
346,631.8380035
347,632.1028334
348,632.3671735
349,632.6310214
350,632.8943747
351,633.1572313
352,633.419589
353,633.681446
354,633.9428004
355,634.2036506
356,634.4639949
357,634.7238318
358,634.98316
359,635.2419782
360,635.4655297
361,635.7227563
362,635.9794768
363,636.2356901
364,636.4913952
365,636.7465911
366,637.0012772
367,637.2554525
368,637.5091164
369,637.7622684
370,638.0149078
371,638.2670342
372,638.5186472
373,638.7697464
374,639.0203315
375,639.2704024
376,639.5199588
377,639.7690006
378,640.0175278
379,640.2655403
380,640.5130381
381,640.7600214
382,641.0064902
383,641.2524447
384,641.4978851
385,641.7428116
386,641.9872246
387,642.2311243
388,642.474511
389,642.7173852
390,642.9597473
391,643.2015977
392,643.4429369
393,643.6837654
394,643.9240837
395,644.1638924
396,644.4031921
397,644.6419834
398,644.880267
399,645.1180434
400,645.3553134
401,645.5920776
402,645.8283369
403,646.0640918
404,646.2993433
405,646.5340921
406,646.7683389
407,647.0020846
408,647.23533
409,647.468076
410,647.7003235
411,647.9320732
412,648.1633261
413,648.3940831
414,648.6243451
415,648.854113
416,649.0833878
417,649.3121705
418,649.5404619
419,649.7682631
420,648.3465215
421,648.5462153
422,648.7456804
423,648.9449133
424,649.1439105
425,649.3426686
426,649.5411846
427,649.7394552
428,649.9374778
429,650.1352494
430,650.3327675
431,650.5300294
432,650.7270327
433,650.9237752
434,651.1202545
435,651.3164684
436,651.5124149
437,651.708092
438,651.9034978
439,652.0986304
440,652.293488
441,652.4880689
442,652.6823715
443,652.8763941
444,653.0701353
445,653.2635936
446,653.4567675
447,653.6496557
448,653.8422568
449,654.0345697
450,654.226593
451,654.4183256
452,654.6097664
453,654.8009143
454,654.9917683
455,655.1823272
456,655.3725902
457,655.5625564
458,655.7522248
459,655.9415946
460,656.1306649
461,656.3194351
462,656.5079042
463,656.6960717
464,656.8839368
465,657.0714988
466,657.2587572
467,657.4457112
468,657.6323604
469,657.8187042
470,658.0047421
471,658.1904736
472,658.3758982
473,658.5610154
474,658.7458249
475,658.9303263
476,659.1145191
477,659.2984031
478,659.4819779
479,659.6652432
480,658.8123007
481,658.9779049
482,659.1433615
483,659.3086673
484,659.4738189
485,659.6388133
486,659.8036473
487,659.9683181
488,660.1328227
489,660.2971584
490,660.4613224
491,660.625312
492,660.7891248
493,660.9527582
494,661.1162098
495,661.2794772
496,661.4425583
497,661.6054507
498,661.7681523
499,661.9306611
500,662.092975
501,662.2550921
502,662.4170105
503,662.5787282
504,662.7402437
505,662.901555
506,663.0626605
507,663.2235586
508,663.3842477
509,663.5447264
510,663.704993
511,663.8650462
512,664.0248846
513,664.1845068
514,664.3439115
515,664.5030976
516,664.6620637
517,664.8208087
518,664.9793314
519,665.1376308
520,665.2957058
521,665.4535553
522,665.6111784
523,665.7685742
524,665.9257416
525,666.0826799
526,666.2393881
527,666.3958655
528,666.5521112
529,666.7081245
530,666.8639046
531,667.0194509
532,667.1747626
533,667.3298391
534,667.4846799
535,667.6392842
536,667.7936516
537,667.9477814
538,668.1016732
539,668.2553265
540,667.1346819
541,667.2661243
542,667.3971751
543,667.5278533
544,667.6581766
545,667.7881614
546,667.9178231
547,668.0471758
548,668.1762327
549,668.305006
550,668.4335071
551,668.5617465
552,668.689734
553,668.8174787
554,668.9449889
555,669.0722725
556,669.1993367
557,669.3261882
558,669.452833
559,669.579277
560,669.7055254
561,669.831583
562,669.9574544
563,670.0831436
564,670.2086545
565,670.3339905
566,670.4591549
567,670.5841506
568,670.7089803
569,670.8336465
570,670.9581514
571,671.0824971
572,671.2066854
573,671.330718
574,671.4545964
575,671.578322
576,671.7018961
577,671.8253197
578,671.9485938
579,672.0717193
580,672.194697
581,672.3175276
582,672.4402115
583,672.5627494
584,672.6851416
585,672.8073885
586,672.9294904
587,673.0514475
588,673.17326
589,673.294928
590,673.4164515
591,673.5378306
592,673.6590653
593,673.7801555
594,673.9011011
595,674.0219021
596,674.1425582
597,674.2630694
598,674.3834354
599,674.503656
600,674.0760292
601,674.186952
602,674.2978165
603,674.4086208
604,674.5193629
605,674.6300408
606,674.7406528
607,674.851197
608,674.9616716
609,675.0720748
610,675.1824049
611,675.2926603
612,675.4028393
613,675.5129403
614,675.6229617
615,675.732902
616,675.8427596
617,675.9525331
618,676.0622212
619,676.1718223
620,676.281335
621,676.3907582
622,676.5000904
623,676.6093304
624,676.7184768
625,676.8275287
626,676.9364846
627,677.0453434
628,677.1541041
629,677.2627655
630,677.3713265
631,677.4797861
632,677.5881432
633,677.6963968
634,677.804546
635,677.9125897
636,678.0205271
637,678.1283571
638,678.236079
639,678.3436918
640,678.4511947
641,678.5585868
642,678.6658674
643,678.7730356
644,678.8800906
645,678.9870317
646,679.0938582
647,679.2005693
648,679.3071643
649,679.4136425
650,679.5200033
651,679.6262459
652,679.7323699
653,679.8383744
654,679.9442589
655,680.0500229
656,680.1556657
657,680.2611868
658,680.3665855
659,680.4718615
660,680.1201812
661,680.2176992
662,680.3151666
663,680.4125815
664,680.5099421
665,680.6072465
666,680.7044929
667,680.8016795
668,680.8988047
669,680.9958667
670,681.092864
671,681.1897949
672,681.2866579
673,681.3834515
674,681.4801743
675,681.5768248
676,681.6734016
677,681.7699033
678,681.8663287
679,681.9626764
680,682.0589452
681,682.1551338
682,682.2512411
683,682.3472659
684,682.443207
685,682.5390634
686,682.6348339
687,682.7305175
688,682.8261132
689,682.92162
690,683.0170368
691,683.1123628
692,683.2075971
693,683.3027386
694,683.3977866
695,683.4927401
696,683.5875984
697,683.6823606
698,683.7770259
699,683.8715936
700,683.9660628
701,684.060433
702,684.1547032
703,684.248873
704,684.3429415
705,684.4369081
706,684.5307722
707,684.6245332
708,684.7181903
709,684.8117432
710,684.905191
711,684.9985334
712,685.0917698
713,685.1848995
714,685.2779222
715,685.3708373
716,685.4636443
717,685.5563427
718,685.6489322
719,685.7414121
720,682.8800778
721,682.9245166
722,682.9696695
723,683.0155102
724,683.0620135
725,683.1091551
726,683.156912
727,683.2052621
728,683.2541839
729,683.3036572
730,683.3536624
731,683.4041807
732,683.455194
733,683.5066849
734,683.5586368
735,683.6110337
736,683.6638601
737,683.7171012
738,683.7707427
739,683.8247708
740,683.8791722
741,683.9339342
742,683.9890444
743,684.044491
744,684.1002624
745,684.1563477
746,684.212736
747,684.2694172
748,684.3263812
749,684.3836183
750,684.4411194
751,684.4988753
752,684.5568774
753,684.6151173
754,684.6735867
755,684.7322779
756,684.7911832
757,684.8502951
758,684.9096065
759,684.9691105
760,685.0288004
761,685.0886695
762,685.1487117
763,685.2089207
764,685.2692906
765,685.3298156
766,685.3904902
767,685.4513089
768,685.5122663
769,685.5733575
770,685.6345773
771,685.695921
772,685.7573838
773,685.8189613
774,685.8806488
775,685.9424422
776,686.0043371
777,686.0663296
778,686.1284157
779,686.1905914
780,685.6337855
781,685.6859473
782,685.7382856
783,685.7907944
784,685.8434682
785,685.8963014
786,685.9492884
787,686.0024238
788,686.0557024
789,686.1091189
790,686.1626682
791,686.2163454
792,686.2701457
793,686.3240642
794,686.3780963
795,686.4322376
796,686.4864836
797,686.54083
798,686.5952727
799,686.6498075
800,686.7044305
801,686.7591379
802,686.8139259
803,686.8687909
804,686.9237292
805,686.9787375
806,687.0338124
807,687.0889505
808,687.1441488
809,687.1994042
810,687.2547136
811,687.3100741
812,687.3654829
813,687.4209372
814,687.4764344
815,687.5319718
816,687.5875469
817,687.6431573
818,687.6988006
819,687.7544743
820,687.8101763
821,687.8659044
822,687.9216564
823,687.9774302
824,688.0332239
825,688.0890354
826,688.1448628
827,688.2007043
828,688.2565581
829,688.3124223
830,688.3682953
831,688.4241754
832,688.480061
833,688.5359505
834,688.5918423
835,688.647735
836,688.703627
837,688.7595171
838,688.8154037
839,688.8712855
840,687.8313988
841,687.8692426
842,687.9072506
843,687.9454183
844,687.9837412
845,688.0222151
846,688.0608357
847,688.099599
848,688.1385008
849,688.1775374
850,688.2167049
851,688.2559996
852,688.2954178
853,688.3349561
854,688.3746108
855,688.4143788
856,688.4542566
857,688.494241
858,688.534329
859,688.5745173
860,688.6148031
861,688.6551834
862,688.6956552
863,688.7362159
864,688.7768627
865,688.8175929
866,688.8584039
867,688.8992931
868,688.940258
869,688.9812963
870,689.0224055
871,689.0635833
872,689.1048274
873,689.1461356
874,689.1875057
875,689.2289355
876,689.2704231
877,689.3119662
878,689.3535631
879,689.3952116
880,689.4369099
881,689.4786562
882,689.5204486
883,689.5622852
884,689.6041644
885,689.6460845
886,689.6880438
887,689.7300406
888,689.7720733
889,689.8141403
890,689.8562402
891,689.8983714
892,689.9405325
893,689.9827219
894,690.0249384
895,690.0671804
896,690.1094467
897,690.1517359
898,690.1940467
899,690.2363779
900,688.485836
901,688.4987099
902,688.5118827
903,688.5253482
904,688.5391005
905,688.5531338
906,688.5674427
907,688.5820217
908,688.5968657
909,688.6119696
910,688.6273285
911,688.6429377
912,688.6587925
913,688.6748884
914,688.6912209
915,688.7077858
916,688.7245788
917,688.7415958
918,688.7588327
919,688.7762857
920,688.7939509
921,688.8118244
922,688.8299026
923,688.8481818
924,688.8666584
925,688.885329
926,688.9041901
927,688.9232383
928,688.9424703
929,688.9618829
930,688.9814728
931,689.0012369
932,689.0211721
933,689.0412754
934,689.0615437
935,689.0819742
936,689.102564
937,689.1233101
938,689.1442099
939,689.1652605
940,689.1864593
941,689.2078035
942,689.2292907
943,689.2509181
944,689.2726833
945,689.2945838
946,689.3166171
947,689.3387808
948,689.3610726
949,689.38349
950,689.4060308
951,689.4286927
952,689.4514736
953,689.4743711
954,689.4973832
955,689.5205078
956,689.5437426
957,689.5670858
958,689.5905352
959,689.6140888
960,688.1547653
961,688.1541398
962,688.1538587
963,688.1539189
964,688.1543171
965,688.1550499
966,688.1561138
967,688.1575051
968,688.1592199
969,688.1612545
970,688.1636047
971,688.1662667
972,688.1692362
973,688.1725092
974,688.1760815
975,688.1799489
976,688.1841071
977,688.188552
978,688.1932794
979,688.198285
980,688.2035646
981,688.2091141
982,688.2149293
983,688.221006
984,688.2273401
985,688.2339276
986,688.2407644
987,688.2478465
988,688.2551699
989,688.2627307
990,688.270525
991,688.278549
992,688.2867988
993,688.2952709
994,688.3039613
995,688.3128666
996,688.321983
997,688.3313071
998,688.3408354
999,688.3505643
1000,688.3604906
1001,688.3706109
1002,688.3809218
1003,688.3914202
1004,688.4021028
1005,688.4129665
1006,688.4240082
1007,688.4352249
1008,688.4466136
1009,688.4581713
1010,688.4698951
1011,688.4817823
1012,688.4938299
1013,688.5060353
1014,688.5183958
1015,688.5309086
1016,688.5435712
1017,688.5563809
1018,688.5693354
1019,688.582432
1020,687.4011365
1021,687.3948607
1022,687.3889083
1023,687.3832734
1024,687.3779502
1025,687.3729329
1026,687.3682161
1027,687.3637942
1028,687.359662
1029,687.3558142
1030,687.3522458
1031,687.3489517
1032,687.3459271
1033,687.3431671
1034,687.3406672
1035,687.3384227
1036,687.3364291
1037,687.334682
1038,687.3331772
1039,687.3319105
1040,687.3308777
1041,687.3300747
1042,687.3294977
1043,687.3291428
1044,687.3290061
1045,687.3290841
1046,687.3293729
1047,687.3298691
1048,687.3305692
1049,687.3314698
1050,687.3325675
1051,687.3338591
1052,687.3353413
1053,687.3370109
1054,687.338865
1055,687.3409005
1056,687.3431143
1057,687.3455037
1058,687.3480657
1059,687.3507977
1060,687.3536967
1061,687.3567602
1062,687.3599856
1063,687.3633702
1064,687.3669115
1065,687.3706071
1066,687.3744546
1067,687.3784514
1068,687.3825954
1069,687.3868842
1070,687.3913155
1071,687.3958872
1072,687.400597
1073,687.405443
1074,687.4104229
1075,687.4155347
1076,687.4207765
1077,687.4261463
1078,687.431642
1079,687.4372619
1080,686.1848651
1081,686.1700326
1082,686.1555178
1083,686.1413156
1084,686.1274206
1085,686.1138279
1086,686.1005328
1087,686.0875304
1088,686.0748163
1089,686.0623861
1090,686.0502353
1091,686.0383598
1092,686.0267555
1093,686.0154183
1094,686.0043445
1095,685.99353
1096,685.9829712
1097,685.9726644
1098,685.9626059
1099,685.9527924
1100,685.9432203
1101,685.9338863
1102,685.924787
1103,685.9159192
1104,685.9072796
1105,685.8988652
1106,685.8906728
1107,685.8826994
1108,685.874942
1109,685.8673977
1110,685.8600637
1111,685.852937
1112,685.8460149
1113,685.8392947
1114,685.8327736
1115,685.826449
1116,685.8203182
1117,685.8143788
1118,685.8086282
1119,685.8030638
1120,685.7976833
1121,685.7924841
1122,685.787464
1123,685.7826206
1124,685.7779516
1125,685.7734547
1126,685.7691276
1127,685.7649683
1128,685.7609744
1129,685.7571438
1130,685.7534745
1131,685.7499644
1132,685.7466114
1133,685.7434135
1134,685.7403688
1135,685.7374752
1136,685.7347308
1137,685.7321338
1138,685.7296823
1139,685.7273744
1140,685.3075946
1141,685.2987036
1142,685.2900188
1143,685.2815372
1144,685.2732558
1145,685.2651716
1146,685.2572816
1147,685.249583
1148,685.242073
1149,685.2347488
1150,685.2276078
1151,685.2206473
1152,685.2138647
1153,685.2072575
1154,685.2008231
1155,685.1945591
1156,685.1884631
1157,685.1825328
1158,685.1767657
1159,685.1711597
1160,685.1657124
1161,685.1604217
1162,685.1552855
1163,685.1503015
1164,685.1454678
1165,685.1407822
1166,685.1362428
1167,685.1318476
1168,685.1275946
1169,685.1234819
1170,685.1195077
1171,685.1156701
1172,685.1119674
1173,685.1083976
1174,685.1049591
1175,685.1016502
1176,685.0984691
1177,685.0954142
1178,685.0924839
1179,685.0896765
1180,685.0869905
1181,685.0844243
1182,685.0819764
1183,685.0796452
1184,685.0774294
1185,685.0753273
1186,685.0733377
1187,685.071459
1188,685.0696899
1189,685.0680291
1190,685.0664751
1191,685.0650267
1192,685.0636826
1193,685.0624414
1194,685.0613019
1195,685.0602628
1196,685.059323
1197,685.0584813
1198,685.0577363
1199,685.0570871
1200,681.8014455
1201,681.7482011
1202,681.6959185
1203,681.6445695
1204,681.5941269
1205,681.5445646
1206,681.4958576
1207,681.4479817
1208,681.4009139
1209,681.3546318
1210,681.3091141
1211,681.2643401
1212,681.22029
1213,681.1769447
1214,681.1342858
1215,681.0922956
1216,681.0509569
1217,681.0102535
1218,680.9701692
1219,680.930689
1220,680.8917979
1221,680.8534817
1222,680.8157267
1223,680.7785194
1224,680.7418472
1225,680.7056976
1226,680.6700585
1227,680.6349184
1228,680.600266
1229,680.5660905
1230,680.5323814
1231,680.4991285
1232,680.4663219
1233,680.4339522
1234,680.40201
1235,680.3704864
1236,680.3393727
1237,680.3086605
1238,680.2783417
1239,680.2484082
1240,680.2188525
1241,680.1896671
1242,680.1608447
1243,680.1323782
1244,680.1042609
1245,680.0764861
1246,680.0490474
1247,680.0219384
1248,679.9951531
1249,679.9686856
1250,679.94253
1251,679.9166808
1252,679.8911325
1253,679.8658798
1254,679.8409175
1255,679.8162405
1256,679.791844
1257,679.7677232
1258,679.7438733
1259,679.7202899
1260,678.3735929
1261,678.3287604
1262,678.2843899
1263,678.2404736
1264,678.1970034
1265,678.1539716
1266,678.1113706
1267,678.0691932
1268,678.0274321
1269,677.9860804
1270,677.9451311
1271,677.9045777
1272,677.8644135
1273,677.8246322
1274,677.7852277
1275,677.7461937
1276,677.7075245
1277,677.6692141
1278,677.6312569
1279,677.5936474
1280,677.5563801
1281,677.5194498
1282,677.4828513
1283,677.4465795
1284,677.4106296
1285,677.3749965
1286,677.3396757
1287,677.3046625
1288,677.2699523
1289,677.2355408
1290,677.2014236
1291,677.1675965
1292,677.1340553
1293,677.100796
1294,677.0678145
1295,677.0351071
1296,677.0026698
1297,676.970499
1298,676.938591
1299,676.9069422
1300,676.8755491
1301,676.8444083
1302,676.8135165
1303,676.7828702
1304,676.7524664
1305,676.7223018
1306,676.6923733
1307,676.6626779
1308,676.6332126
1309,676.6039745
1310,676.5749607
1311,676.5461685
1312,676.5175949
1313,676.4892375
1314,676.4610934
1315,676.4331601
1316,676.405435
1317,676.3779157
1318,676.3505996
1319,676.3234844
1320,675.6418087
1321,675.6043204
1322,675.5671304
1323,675.5302346
1324,675.4936287
1325,675.4573086
1326,675.4212703
1327,675.38551
1328,675.3500237
1329,675.3148078
1330,675.2798584
1331,675.2451721
1332,675.2107452
1333,675.1765744
1334,675.1426562
1335,675.1089873
1336,675.0755644
1337,675.0423844
1338,675.0094441
1339,674.9767405
1340,674.9442705
1341,674.9120313
1342,674.8800199
1343,674.8482334
1344,674.8166692
1345,674.7853245
1346,674.7541966
1347,674.7232829
1348,674.6925808
1349,674.6620878
1350,674.6318015
1351,674.6017193
1352,674.571839
1353,674.5421582
1354,674.5126745
1355,674.4833857
1356,674.4542897
1357,674.4253842
1358,674.3966671
1359,674.3681363
1360,674.3397898
1361,674.3116255
1362,674.2836414
1363,674.2558356
1364,674.2282062
1365,674.2007513
1366,674.173469
1367,674.1463575
1368,674.1194151
1369,674.0926399
1370,674.0660303
1371,674.0395845
1372,674.0133009
1373,673.9871778
1374,673.9612136
1375,673.9354067
1376,673.9097557
1377,673.8842588
1378,673.8589147
1379,673.8337217
1380,672.633617
1381,672.5894078
1382,672.545544
1383,672.502024
1384,672.4588459
1385,672.4160076
1386,672.3735069
1387,672.3313413
1388,672.2895082
1389,672.2480051
1390,672.206829
1391,672.1659771
1392,672.1254464
1393,672.0852339
1394,672.0453365
1395,672.0057509
1396,671.9664741
1397,671.9275027
1398,671.8888336
1399,671.8504634
1400,671.8123889
1401,671.7746067
1402,671.7371136
1403,671.6999063
1404,671.6629815
1405,671.6263359
1406,671.5899662
1407,671.5538693
1408,671.518042
1409,671.4824809
1410,671.447183
1411,671.4121451
1412,671.377364
1413,671.3428368
1414,671.3085604
1415,671.2745317
1416,671.2407478
1417,671.2072057
1418,671.1739025
1419,671.1408354
1420,671.1080014
1421,671.0753979
1422,671.043022
1423,671.010871
1424,670.9789422
1425,670.947233
1426,670.9157408
1427,670.884463
1428,670.853397
1429,670.8225404
1430,670.7918907
1431,670.7614455
1432,670.7312024
1433,670.7011591
1434,670.6713132
1435,670.6416625
1436,670.6122047
1437,670.5829376
1438,670.5538591
1439,670.524967
1440,668.6335094
1441,668.5743419
1442,668.5156484
1443,668.4574218
1444,668.3996548
1445,668.3423405
1446,668.2854724
1447,668.2290439
1448,668.1730487
1449,668.1174806
1450,668.0623337
1451,668.0076022
1452,667.9532803
1453,667.8993627
1454,667.8458437
1455,667.7927182
1456,667.7399811
1457,667.6876272
1458,667.6356517
1459,667.5840498
1460,667.5328166
1461,667.4819477
1462,667.4314384
1463,667.3812844
1464,667.3314813
1465,667.2820248
1466,667.2329108
1467,667.184135
1468,667.1356936
1469,667.0875825
1470,667.0397979
1471,666.9923359
1472,666.9451928
1473,666.8983648
1474,666.8518484
1475,666.80564
1476,666.7597361
1477,666.7141333
1478,666.668828
1479,666.6238171
1480,666.5790972
1481,666.534665
1482,666.4905175
1483,666.4466514
1484,666.4030637
1485,666.3597513
1486,666.3167113
1487,666.2739406
1488,666.2314365
1489,666.189196
1490,666.1472164
1491,666.1054947
1492,666.0640285
1493,666.0228148
1494,665.9818511
1495,665.9411348
1496,665.9006633
1497,665.8604341
1498,665.8204446
1499,665.7806924
1500,665.1012163
1501,665.0514078
1502,665.0019319
1503,664.9527842
1504,664.9039605
1505,664.8554567
1506,664.8072686
1507,664.7593923
1508,664.7118239
1509,664.6645594
1510,664.6175951
1511,664.5709273
1512,664.5245524
1513,664.4784667
1514,664.4326668
1515,664.3871493
1516,664.3419106
1517,664.2969476
1518,664.252257
1519,664.2078355
1520,664.16368
1521,664.1197874
1522,664.0761548
1523,664.032779
1524,663.9896573
1525,663.9467866
1526,663.9041643
1527,663.8617874
1528,663.8196534
1529,663.7777594
1530,663.7361029
1531,663.6946813
1532,663.653492
1533,663.6125325
1534,663.5718004
1535,663.5312933
1536,663.4910086
1537,663.4509443
1538,663.4110978
1539,663.371467
1540,663.3320496
1541,663.2928435
1542,663.2538464
1543,663.2150564
1544,663.1764712
1545,663.1380888
1546,663.0999073
1547,663.0619245
1548,663.0241387
1549,662.9865478
1550,662.9491499
1551,662.9119433
1552,662.874926
1553,662.8380962
1554,662.8014522
1555,662.7649922
1556,662.7287146
1557,662.6926175
1558,662.6566994
1559,662.6209585
1560,660.0016374
1561,659.9237405
1562,659.8464217
1563,659.7696714
1564,659.6934808
1565,659.617841
1566,659.5427432
1567,659.4681792
1568,659.3941406
1569,659.3206194
1570,659.2476077
1571,659.1750979
1572,659.1030826
1573,659.0315543
1574,658.9605059
1575,658.8899305
1576,658.8198211
1577,658.7501713
1578,658.6809744
1579,658.6122241
1580,658.5439142
1581,658.4760386
1582,658.4085913
1583,658.3415667
1584,658.2749589
1585,658.2087624
1586,658.1429718
1587,658.0775819
1588,658.0125873
1589,657.9479831
1590,657.8837643
1591,657.8199259
1592,657.7564633
1593,657.6933718
1594,657.6306468
1595,657.5682839
1596,657.5062786
1597,657.4446267
1598,657.3833241
1599,657.3223665
1600,657.2617501
1601,657.2014707
1602,657.1415246
1603,657.081908
1604,657.0226171
1605,656.9636483
1606,656.904998
1607,656.8466628
1608,656.7886391
1609,656.7309237
1610,656.6735131
1611,656.6164042
1612,656.5595937
1613,656.5030786
1614,656.4468557
1615,656.390922
1616,656.3352746
1617,656.2799106
1618,656.224827
1619,656.1700211
1620,654.7993863
1621,654.7234803
1622,654.6480523
1623,654.5730957
1624,654.498604
1625,654.4245707
1626,654.3509897
1627,654.2778549
1628,654.2051603
1629,654.1329001
1630,654.0610685
1631,653.98966
1632,653.918669
1633,653.8480902
1634,653.7779184
1635,653.7081483
1636,653.6387749
1637,653.5697932
1638,653.5011985
1639,653.4329859
1640,653.3651507
1641,653.2976885
1642,653.2305947
1643,653.163865
1644,653.0974949
1645,653.0314803
1646,652.9658171
1647,652.9005011
1648,652.8355284
1649,652.770895
1650,652.7065971
1651,652.6426309
1652,652.5789927
1653,652.515679
1654,652.452686
1655,652.3900103
1656,652.3276484
1657,652.265597
1658,652.2038527
1659,652.1424123
1660,652.0812726
1661,652.0204304
1662,651.9598826
1663,651.8996262
1664,651.8396581
1665,651.7799755
1666,651.7205755
1667,651.6614551
1668,651.6026117
1669,651.5440425
1670,651.4857447
1671,651.4277158
1672,651.3699531
1673,651.312454
1674,651.255216
1675,651.1982367
1676,651.1415135
1677,651.0850442
1678,651.0288262
1679,650.9728573
1680,649.414552
1681,649.3351212
1682,649.2565263
1683,649.1787429
1684,649.1017478
1685,649.0255186
1686,648.9500338
1687,648.875273
1688,648.8012165
1689,648.7278455
1690,648.6551417
1691,648.583088
1692,648.5116675
1693,648.4408642
1694,648.3706629
1695,648.3010486
1696,648.2320071
1697,648.1635248
1698,648.0955885
1699,648.0281855
1700,647.9613036
1701,647.8949311
1702,647.8290566
1703,647.7636693
1704,647.6987586
1705,647.6343143
1706,647.5703268
1707,647.5067864
1708,647.4436842
1709,647.3810113
1710,647.3187592
1711,647.2569196
1712,647.1954847
1713,647.1344468
1714,647.0737984
1715,647.0135323
1716,646.9536416
1717,646.8941196
1718,646.8349597
1719,646.7761556
1720,646.7177012
1721,646.6595906
1722,646.6018179
1723,646.5443778
1724,646.4872646
1725,646.4304733
1726,646.3739986
1727,646.3178357
1728,646.2619798
1729,646.2064261
1730,646.1511702
1731,646.0962076
1732,646.041534
1733,645.9871454
1734,645.9330376
1735,645.8792067
1736,645.8256489
1737,645.7723604
1738,645.7193377
1739,645.6665771
1740,645.0608291
1741,644.9994868
1742,644.9384861
1743,644.8778221
1744,644.8174898
1745,644.7574847
1746,644.697802
1747,644.6384374
1748,644.5793865
1749,644.5206449
1750,644.4622085
1751,644.4040733
1752,644.3462353
1753,644.2886905
1754,644.2314353
1755,644.1744659
1756,644.1177787
1757,644.0613701
1758,644.0052368
1759,643.9493753
1760,643.8937824
1761,643.8384548
1762,643.7833893
1763,643.728583
1764,643.6740326
1765,643.6197354
1766,643.5656884
1767,643.5118888
1768,643.4583337
1769,643.4050206
1770,643.3519467
1771,643.2991094
1772,643.2465062
1773,643.1941346
1774,643.1419921
1775,643.0900764
1776,643.038385
1777,642.9869157
1778,642.9356662
1779,642.8846343
1780,642.8338178
1781,642.7832147
1782,642.7328227
1783,642.6826399
1784,642.6326642
1785,642.5828936
1786,642.5333263
1787,642.4839603
1788,642.4347937
1789,642.3858247
1790,642.3370516
1791,642.2884724
1792,642.2400856
1793,642.1918893
1794,642.143882
1795,642.0960618
1796,642.0484274
1797,642.0009769
1798,641.9537089
1799,641.9066219
1800,639.8976933
1801,639.8187009
1802,639.7402058
1803,639.6622044
1804,639.5846924
1805,639.5076656
1806,639.4311197
1807,639.3550501
1808,639.2794521
1809,639.2043212
1810,639.1296525
1811,639.0554412
1812,638.9816825
1813,638.9083715
1814,638.8355033
1815,638.7630729
1816,638.6910755
1817,638.6195062
1818,638.54836
1819,638.4776321
1820,638.4073176
1821,638.3374117
1822,638.2679096
1823,638.1988066
1824,638.1300979
1825,638.0617789
1826,637.9938449
1827,637.9262915
1828,637.859114
1829,637.792308
1830,637.7258692
1831,637.6597931
1832,637.5940755
1833,637.5287121
1834,637.4636987
1835,637.3990313
1836,637.3347058
1837,637.2707182
1838,637.2070644
1839,637.1437408
1840,637.0807434
1841,637.0180685
1842,636.9557124
1843,636.8936715
1844,636.8319421
1845,636.7705208
1846,636.7094041
1847,636.6485885
1848,636.5880708
1849,636.5278477
1850,636.4679158
1851,636.4082721
1852,636.3489133
1853,636.2898365
1854,636.2310385
1855,636.1725164
1856,636.1142673
1857,636.0562884
1858,635.9985767
1859,635.9411295
1860,634.4210048
1861,634.3400152
1862,634.2595137
1863,634.1794937
1864,634.0999485
1865,634.0208719
1866,633.9422576
1867,633.8640997
1868,633.7863924
1869,633.70913
1870,633.6323069
1871,633.5559178
1872,633.4799575
1873,633.4044208
1874,633.3293027
1875,633.2545983
1876,633.1803028
1877,633.1064116
1878,633.03292
1879,632.9598236
1880,632.887118
1881,632.8147988
1882,632.7428618
1883,632.671303
1884,632.6001181
1885,632.5293033
1886,632.4588546
1887,632.3887681
1888,632.3190401
1889,632.2496669
1890,632.1806448
1891,632.1119701
1892,632.0436394
1893,631.9756492
1894,631.9079961
1895,631.8406767
1896,631.7736877
1897,631.7070258
1898,631.6406879
1899,631.5746707
1900,631.5089712
1901,631.4435863
1902,631.3785129
1903,631.3137482
1904,631.2492891
1905,631.1851328
1906,631.1212765
1907,631.0577173
1908,630.9944525
1909,630.9314793
1910,630.8687952
1911,630.8063973
1912,630.7442832
1913,630.6824503
1914,630.620896
1915,630.5596178
1916,630.4986132
1917,630.4378799
1918,630.3774155
1919,630.3172175
1920,628.8030696
1921,628.719477
1922,628.6363735
1923,628.5537524
1924,628.4716073
1925,628.3899316
1926,628.3087192
1927,628.2279639
1928,628.1476598
1929,628.0678009
1930,627.9883816
1931,627.9093962
1932,627.8308392
1933,627.7527051
1934,627.6749886
1935,627.5976846
1936,627.520788
1937,627.4442937
1938,627.3681969
1939,627.2924927
1940,627.2171764
1941,627.1422434
1942,627.0676893
1943,626.9935094
1944,626.9196995
1945,626.8462553
1946,626.7731725
1947,626.7004471
1948,626.628075
1949,626.5560523
1950,626.4843749
1951,626.4130392
1952,626.3420414
1953,626.2713777
1954,626.2010446
1955,626.1310385
1956,626.0613559
1957,625.9919933
1958,625.9229475
1959,625.854215
1960,625.7857927
1961,625.7176774
1962,625.6498659
1963,625.5823551
1964,625.5151421
1965,625.4482237
1966,625.3815972
1967,625.3152596
1968,625.2492082
1969,625.18344
1970,625.1179525
1971,625.0527428
1972,624.9878085
1973,624.9231468
1974,624.8587553
1975,624.7946313
1976,624.7307725
1977,624.6671764
1978,624.6038406
1979,624.5407628
1980,623.645256
1981,623.5689947
1982,623.4931181
1983,623.4176213
1984,623.3424998
1985,623.2677487
1986,623.1933637
1987,623.1193403
1988,623.0456741
1989,622.9723608
1990,622.8993964
1991,622.8267768
1992,622.7544978
1993,622.6825557
1994,622.6109465
1995,622.5396665
1996,622.4687119
1997,622.3980793
1998,622.3277649
1999,622.2577654
2000,622.1880773
2001,622.1186972
2002,622.0496219
2003,621.9808481
2004,621.9123726
2005,621.8441924
2006,621.7763043
2007,621.7087055
2008,621.6413929
2009,621.5743636
2010,621.5076149
2011,621.4411438
2012,621.3749478
2013,621.309024
2014,621.2433699
2015,621.1779829
2016,621.1128603
2017,621.0479998
2018,620.9833988
2019,620.9190549
2020,620.8549657
2021,620.791129
2022,620.7275423
2023,620.6642035
2024,620.6011103
2025,620.5382605
2026,620.475652
2027,620.4132826
2028,620.3511504
2029,620.2892531
2030,620.2275889
2031,620.1661557
2032,620.1049516
2033,620.0439747
2034,619.9832231
2035,619.9226949
2036,619.8623883
2037,619.8023015
2038,619.7424327
2039,619.6827802
2040,618.9789784
2041,618.9091592
2042,618.8396553
2043,618.7704631
2044,618.7015789
2045,618.6329993
2046,618.5647207
2047,618.4967397
2048,618.429053
2049,618.3616573
2050,618.2945494
2051,618.2277263
2052,618.1611847
2053,618.0949218
2054,618.0289345
2055,617.9632201
2056,617.8977755
2057,617.8325981
2058,617.7676851
2059,617.7030339
2060,617.6386418
2061,617.5745062
2062,617.5106247
2063,617.4469947
2064,617.3836139
2065,617.3204797
2066,617.25759
2067,617.1949423
2068,617.1325345
2069,617.0703643
2070,617.0084295
2071,616.946728
2072,616.8852576
2073,616.8240165
2074,616.7630024
2075,616.7022134
2076,616.6416477
2077,616.5813031
2078,616.5211779
2079,616.4612702
2080,616.4015781
2081,616.3420999
2082,616.2828338
2083,616.2237781
2084,616.1649311
2085,616.106291
2086,616.0478563
2087,615.9896253
2088,615.9315964
2089,615.873768
2090,615.8161387
2091,615.7587068
2092,615.7014709
2093,615.6444296
2094,615.5875812
2095,615.5309245
2096,615.474458
2097,615.4181804
2098,615.3620902
2099,615.3061862
2100,613.8053864
2101,613.7260811
2102,613.6471864
2103,613.5686966
2104,613.4906062
2105,613.4129097
2106,613.335602
2107,613.2586778
2108,613.182132
2109,613.1059598
2110,613.0301563
2111,612.9547168
2112,612.8796367
2113,612.8049114
2114,612.7305366
2115,612.6565079
2116,612.5828211
2117,612.5094721
2118,612.4364569
2119,612.3637714
2120,612.2914119
2121,612.2193746
2122,612.1476557
2123,612.0762517
2124,612.005159
2125,611.9343742
2126,611.8638938
2127,611.7937145
2128,611.7238331
2129,611.6542465
2130,611.5849514
2131,611.5159449
2132,611.447224
2133,611.3787857
2134,611.3106272
2135,611.2427457
2136,611.1751383
2137,611.1078025
2138,611.0407356
2139,610.973935
2140,610.9073981
2141,610.8411225
2142,610.7751057
2143,610.7093454
2144,610.6438391
2145,610.5785846
2146,610.5135796
2147,610.4488219
2148,610.3843093
2149,610.3200397
2150,610.256011
2151,610.1922211
2152,610.128668
2153,610.0653496
2154,610.0022642
2155,609.9394096
2156,609.8767841
2157,609.8143858
2158,609.7522128
2159,609.6902634
2160,608.7373806
2161,608.6612187
2162,608.5854178
2163,608.5099737
2164,608.4348818
2165,608.3601381
2166,608.2857382
2167,608.2116782
2168,608.1379542
2169,608.0645621
2170,607.9914984
2171,607.9187592
2172,607.8463411
2173,607.7742404
2174,607.7024537
2175,607.6309777
2176,607.559809
2177,607.4889445
2178,607.418381
2179,607.3481153
2180,607.2781446
2181,607.2084658
2182,607.1390761
2183,607.0699725
2184,607.0011525
2185,606.9326131
2186,606.8643518
2187,606.7963659
2188,606.7286529
2189,606.6612103
2190,606.5940356
2191,606.5271263
2192,606.4604802
2193,606.3940949
2194,606.327968
2195,606.2620974
2196,606.1964808
2197,606.1311161
2198,606.0660012
2199,606.0011339
2200,605.9365121
2201,605.872134
2202,605.8079974
2203,605.7441004
2204,605.6804411
2205,605.6170176
2206,605.553828
2207,605.4908705
2208,605.4281432
2209,605.3656445
2210,605.3033725
2211,605.2413255
2212,605.1795019
2213,605.1178998
2214,605.0565178
2215,604.9953541
2216,604.9344072
2217,604.8736755
2218,604.8131573
2219,604.7528513
2220,600.5356141
2221,600.4081055
2222,600.281822
2223,600.1567359
2224,600.0328203
2225,599.9100493
2226,599.7883978
2227,599.6678417
2228,599.5483573
2229,599.4299221
2230,599.312514
2231,599.1961116
2232,599.0806945
2233,598.9662425
2234,598.8527362
2235,598.740157
2236,598.6284864
2237,598.517707
2238,598.4078014
2239,598.2987531
2240,598.1905459
2241,598.083164
2242,597.9765922
2243,597.8708157
2244,597.7658202
2245,597.6615915
2246,597.5581161
2247,597.4553807
2248,597.3533726
2249,597.2520791
2250,597.1514881
2251,597.0515876
2252,596.9523663
2253,596.8538127
2254,596.7559161
2255,596.6586656
2256,596.5620509
2257,596.4660619
2258,596.3706886
2259,596.2759216
2260,596.1817513
2261,596.0881686
2262,595.9951646
2263,595.9027306
2264,595.8108581
2265,595.7195387
2266,595.6287645
2267,595.5385273
2268,595.4488197
2269,595.3596339
2270,595.2709626
2271,595.1827987
2272,595.095135
2273,595.0079648
2274,594.9212813
2275,594.8350778
2276,594.7493481
2277,594.6640858
2278,594.5792848
2279,594.494939
2280,591.96224
2281,591.8392635
2282,591.7174625
2283,591.5968051
2284,591.4772609
2285,591.3588008
2286,591.2413972
2287,591.1250235
2288,591.0096543
2289,590.8952652
2290,590.7818329
2291,590.669335
2292,590.5577502
2293,590.4470576
2294,590.3372376
2295,590.228271
2296,590.1201396
2297,590.0128256
2298,589.9063121
2299,589.8005827
2300,589.6956216
2301,589.5914134
2302,589.4879436
2303,589.3851978
2304,589.2831624
2305,589.1818239
2306,589.0811697
2307,588.9811873
2308,588.8818645
2309,588.7831898
2310,588.6851519
2311,588.5877398
2312,588.4909428
2313,588.3947507
2314,588.2991535
2315,588.2041415
2316,588.1097052
2317,588.0158354
2318,587.9225233
2319,587.8297602
2320,587.7375378
2321,587.6458477
2322,587.554682
2323,587.464033
2324,587.373893
2325,587.2842549
2326,587.1951113
2327,587.1064553
2328,587.01828
2329,586.9305789
2330,586.8433454
2331,586.7565732
2332,586.6702562
2333,586.5843883
2334,586.4989636
2335,586.4139764
2336,586.3294212
2337,586.2452923
2338,586.1615845
2339,586.0782925
2340,584.6484687
2341,584.5438552
2342,584.4398716
2343,584.336513
2344,584.2337746
2345,584.1316508
2346,584.0301364
2347,583.9292256
2348,583.8289127
2349,583.7291916
2350,583.6300566
2351,583.5315014
2352,583.43352
2353,583.3361061
2354,583.2392536
2355,583.1429563
2356,583.0472079
2357,582.9520024
2358,582.8573334
2359,582.7631948
2360,582.6695806
2361,582.5764846
2362,582.4839008
2363,582.3918233
2364,582.3002462
2365,582.2091635
2366,582.1185695
2367,582.0284585
2368,581.9388247
2369,581.8496628
2370,581.760967
2371,581.672732
2372,581.5849525
2373,581.4976232
2374,581.4107388
2375,581.3242942
2376,581.2382844
2377,581.1527044
2378,581.0675494
2379,580.9828144
2380,580.8984949
2381,580.8145861
2382,580.7310834
2383,580.6479823
2384,580.5652784
2385,580.4829674
2386,580.4010449
2387,580.3195068
2388,580.2383488
2389,580.157567
2390,580.0771573
2391,579.9971157
2392,579.9174385
2393,579.8381217
2394,579.7591618
2395,579.6805549
2396,579.6022975
2397,579.524386
2398,579.4468169
2399,579.3695869
2400,578.6033549
2401,578.5154572
2402,578.4279989
2403,578.3409749
2404,578.2543797
2405,578.1682082
2406,578.0824554
2407,577.9971164
2408,577.9121861
2409,577.82766
2410,577.7435333
2411,577.6598014
2412,577.5764599
2413,577.4935044
2414,577.4109305
2415,577.328734
2416,577.2469108
2417,577.1654567
2418,577.0843679
2419,577.0036403
2420,576.9232701
2421,576.8432536
2422,576.763587
2423,576.6842666
2424,576.605289
2425,576.5266506
2426,576.4483479
2427,576.3703776
2428,576.2927364
2429,576.2154209
2430,576.138428
2431,576.0617546
2432,575.9853975
2433,575.9093536
2434,575.8336201
2435,575.7581939
2436,575.6830722
2437,575.6082521
2438,575.5337309
2439,575.4595058
2440,575.3855741
2441,575.3119331
2442,575.2385804
2443,575.1655132
2444,575.092729
2445,575.0202255
2446,574.9480001
2447,574.8760504
2448,574.8043741
2449,574.7329689
2450,574.6618325
2451,574.5909625
2452,574.5203569
2453,574.4500134
2454,574.3799299
2455,574.3101042
2456,574.2405343
2457,574.1712181
2458,574.1021537
2459,574.0333389
2460,572.7067104
2461,572.6176968
2462,572.5291263
2463,572.4409934
2464,572.3532925
2465,572.2660181
2466,572.1791649
2467,572.0927276
2468,572.0067013
2469,571.9210808
2470,571.8358615
2471,571.7510384
2472,571.666607
2473,571.5825626
2474,571.498901
2475,571.4156177
2476,571.3327084
2477,571.250169
2478,571.1679954
2479,571.0861837
2480,571.0047299
2481,570.9236303
2482,570.842881
2483,570.7624784
2484,570.6824189
2485,570.602699
2486,570.5233152
2487,570.4442643
2488,570.3655427
2489,570.2871474
2490,570.2090751
2491,570.1313227
2492,570.0538871
2493,569.9767653
2494,569.8999544
2495,569.8234515
2496,569.7472537
2497,569.6713582
2498,569.5957623
2499,569.5204633
2500,569.4454585
2501,569.3707454
2502,569.2963213
2503,569.2221839
2504,569.1483305
2505,569.0747589
2506,569.0014665
2507,568.928451
2508,568.8557102
2509,568.7832418
2510,568.7110435
2511,568.6391131
2512,568.5674485
2513,568.4960475
2514,568.424908
2515,568.3540281
2516,568.2834055
2517,568.2130385
2518,568.1429248
2519,568.0730628
2520,567.195894
2521,567.1132495
2522,567.0309803
2523,566.9490819
2524,566.8675501
2525,566.7863807
2526,566.7055696
2527,566.6251128
2528,566.5450064
2529,566.4652466
2530,566.3858295
2531,566.3067515
2532,566.228009
2533,566.1495985
2534,566.0715163
2535,565.9937593
2536,565.9163239
2537,565.8392071
2538,565.7624055
2539,565.685916
2540,565.6097355
2541,565.5338611
2542,565.4582898
2543,565.3830186
2544,565.3080448
2545,565.2333655
2546,565.158978
2547,565.0848796
2548,565.0110677
2549,564.9375397
2550,564.864293
2551,564.7913252
2552,564.7186338
2553,564.6462164
2554,564.5740707
2555,564.5021943
2556,564.4305849
2557,564.3592404
2558,564.2881585
2559,564.217337
2560,564.1467739
2561,564.076467
2562,564.0064144
2563,563.9366139
2564,563.8670636
2565,563.7977615
2566,563.7287057
2567,563.6598944
2568,563.5913257
2569,563.5229977
2570,563.4549086
2571,563.3870567
2572,563.3194402
2573,563.2520574
2574,563.1849066
2575,563.1179862
2576,563.0512944
2577,562.9848297
2578,562.9185905
2579,562.8525751
2580,561.0326271
2581,560.9382013
2582,560.8442724
2583,560.7508339
2584,560.6578794
2585,560.565403
2586,560.4733985
2587,560.3818602
2588,560.2907826
2589,560.2001601
2590,560.1099873
2591,560.0202591
2592,559.9309704
2593,559.8421162
2594,559.7536916
2595,559.6656919
2596,559.5781125
2597,559.4909486
2598,559.404196
2599,559.3178502
2600,559.2319069
2601,559.1463618
2602,559.061211
2603,558.9764502
2604,558.8920756
2605,558.8080831
2606,558.724469
2607,558.6412294
2608,558.5583607
2609,558.4758592
2610,558.3937213
2611,558.3119434
2612,558.2305222
2613,558.1494541
2614,558.0687358
2615,557.9883639
2616,557.9083354
2617,557.8286468
2618,557.7492951
2619,557.6702771
2620,557.5915899
2621,557.5132303
2622,557.4351954
2623,557.3574823
2624,557.2800881
2625,557.20301
2626,557.1262451
2627,557.0497908
2628,556.9736442
2629,556.8978028
2630,556.8222639
2631,556.7470248
2632,556.6720831
2633,556.5974363
2634,556.5230817
2635,556.4490171
2636,556.3752399
2637,556.3017478
2638,556.2285384
2639,556.1556095
2640,555.0664985
2641,554.9774196
2642,554.8887889
2643,554.8006048
2644,554.7128652
2645,554.625568
2646,554.5387107
2647,554.4522907
2648,554.3663052
2649,554.2807513
2650,554.1956258
2651,554.1109255
2652,554.0266473
2653,553.9427877
2654,553.8593432
2655,553.7763104
2656,553.6936856
2657,553.6114653
2658,553.5296459
2659,553.4482236
2660,553.3671948
2661,553.2865559
2662,553.206303
2663,553.1264326
2664,553.0469409
2665,552.9678243
2666,552.889079
2667,552.8107015
2668,552.7326881
2669,552.6550352
2670,552.5777393
2671,552.5007968
2672,552.4242041
2673,552.3479579
2674,552.2720546
2675,552.1964909
2676,552.1212633
2677,552.0463685
2678,551.9718033
2679,551.8975643
2680,551.8236484
2681,551.7500523
2682,551.676773
2683,551.6038073
2684,551.5311522
2685,551.4588046
2686,551.3867616
2687,551.3150202
2688,551.2435776
2689,551.1724308
2690,551.1015772
2691,551.0310138
2692,550.9607381
2693,550.8907472
2694,550.8210386
2695,550.7516096
2696,550.6824576
2697,550.6135801
2698,550.5449747
2699,550.4766388
2700,548.3558069
2701,548.2549842
2702,548.1550963
2703,548.0561167
2704,547.9580203
2705,547.860783
2706,547.7643815
2707,547.6687938
2708,547.5739987
2709,547.4799757
2710,547.3867054
2711,547.294169
2712,547.2023485
2713,547.1112268
2714,547.0207872
2715,546.9310137
2716,546.8418912
2717,546.7534048
2718,546.6655404
2719,546.5782843
2720,546.4916235
2721,546.4055454
2722,546.3200376
2723,546.2350885
2724,546.1506869
2725,546.0668217
2726,545.9834825
2727,545.900659
2728,545.8183416
2729,545.7365207
2730,545.6551871
2731,545.574332
2732,545.4939469
2733,545.4140234
2734,545.3345536
2735,545.2555297
2736,545.1769441
2737,545.0987897
2738,545.0210593
2739,544.9437462
2740,544.8668437
2741,544.7903453
2742,544.7142449
2743,544.6385363
2744,544.5632138
2745,544.4882716
2746,544.4137041
2747,544.339506
2748,544.265672
2749,544.192197
2750,544.119076
2751,544.0463043
2752,543.9738772
2753,543.90179
2754,543.8300383
2755,543.7586178
2756,543.6875242
2757,543.6167534
2758,543.5463015
2759,543.4761644
2760,542.0930456
2761,542.0019254
2762,541.9113166
2763,541.8212118
2764,541.7316036
2765,541.6424848
2766,541.5538485
2767,541.4656877
2768,541.377996
2769,541.2907667
2770,541.2039936
2771,541.1176705
2772,541.0317913
2773,540.9463504
2774,540.8613418
2775,540.7767601
2776,540.6925997
2777,540.6088554
2778,540.525522
2779,540.4425944
2780,540.3600676
2781,540.2779369
2782,540.1961974
2783,540.1148447
2784,540.0338741
2785,539.9532812
2786,539.8730618
2787,539.7932116
2788,539.7137265
2789,539.6346025
2790,539.5558356
2791,539.4774219
2792,539.3993577
2793,539.3216392
2794,539.2442628
2795,539.167225
2796,539.0905223
2797,539.0141512
2798,538.9381085
2799,538.8623908
2800,538.7869948
2801,538.7119176
2802,538.6371559
2803,538.5627067
2804,538.488567
2805,538.414734
2806,538.3412046
2807,538.2679762
2808,538.1950459
2809,538.1224111
2810,538.0500689
2811,537.9780169
2812,537.9062524
2813,537.8347729
2814,537.7635758
2815,537.6926588
2816,537.6220194
2817,537.5516552
2818,537.481564
2819,537.4117433
2820,536.3166107
2821,536.2304574
2822,536.1447312
2823,536.0594269
2824,535.9745392
2825,535.890063
2826,535.8059932
2827,535.7223251
2828,535.6390538
2829,535.5561745
2830,535.4736828
2831,535.3915742
2832,535.3098441
2833,535.2284883
2834,535.1475026
2835,535.0668828
2836,534.9866249
2837,534.9067249
2838,534.8271788
2839,534.7479829
2840,534.6691334
2841,534.5906266
2842,534.512459
2843,534.434627
2844,534.3571271
2845,534.279956
2846,534.2031103
2847,534.1265868
2848,534.0503823
2849,533.9744936
2850,533.8989176
2851,533.8236513
2852,533.7486918
2853,533.6740361
2854,533.5996814
2855,533.5256249
2856,533.4518637
2857,533.3783953
2858,533.3052169
2859,533.232326
2860,533.1597199
2861,533.0873962
2862,533.0153523
2863,532.9435859
2864,532.8720945
2865,532.8008758
2866,532.7299275
2867,532.6592473
2868,532.5888329
2869,532.5186823
2870,532.4487931
2871,532.3791633
2872,532.3097909
2873,532.2406736
2874,532.1718095
2875,532.1031967
2876,532.034833
2877,531.9667167
2878,531.8988458
2879,531.8312184
2880,530.2034507
2881,530.1106407
2882,530.0183173
2883,529.9264746
2884,529.8351072
2885,529.7442097
2886,529.653777
2887,529.5638041
2888,529.4742864
2889,529.3852191
2890,529.2965978
2891,529.2084182
2892,529.1206758
2893,529.0333667
2894,528.9464867
2895,528.8600318
2896,528.773998
2897,528.6883816
2898,528.6031788
2899,528.5183857
2900,528.4339987
2901,528.3500142
2902,528.2664286
2903,528.1832384
2904,528.10044
2905,528.0180299
2906,527.9360049
2907,527.8543614
2908,527.7730961
2909,527.6922057
2910,527.6116869
2911,527.5315365
2912,527.4517512
2913,527.3723279
2914,527.2932634
2915,527.2145546
2916,527.1361984
2917,527.0581917
2918,526.9805315
2919,526.9032148
2920,526.8262385
2921,526.7495999
2922,526.6732959
2923,526.5973237
2924,526.5216804
2925,526.4463632
2926,526.3713692
2927,526.2966958
2928,526.2223402
2929,526.1482997
2930,526.0745715
2931,526.0011531
2932,525.9280418
2933,525.855235
2934,525.7827302
2935,525.7105248
2936,525.6386163
2937,525.5670023
2938,525.4956802
2939,525.4246476
2940,524.914023
2941,524.8363307
2942,524.7589921
2943,524.6820034
2944,524.6053611
2945,524.5290615
2946,524.453101
2947,524.3774762
2948,524.3021836
2949,524.2272199
2950,524.1525818
2951,524.078266
2952,524.0042693
2953,523.9305886
2954,523.8572208
2955,523.7841628
2956,523.7114116
2957,523.6389644
2958,523.5668183
2959,523.4949704
2960,523.4234178
2961,523.352158
2962,523.2811881
2963,523.2105056
2964,523.1401078
2965,523.0699921
2966,523.0001561
2967,522.9305972
2968,522.861313
2969,522.7923011
2970,522.7235592
2971,522.6550848
2972,522.5868758
2973,522.5189299
2974,522.4512448
2975,522.3838183
2976,522.3166484
2977,522.2497329
2978,522.1830697
2979,522.1166567
2980,522.0504919
2981,521.9845734
2982,521.9188992
2983,521.8534673
2984,521.7882759
2985,521.723323
2986,521.6586068
2987,521.5941255
2988,521.5298773
2989,521.4658603
2990,521.402073
2991,521.3385135
2992,521.2751801
2993,521.2120711
2994,521.149185
2995,521.08652
2996,521.0240746
2997,520.9618472
2998,520.8998362
2999,520.83804
3000,519.8498072
